full_name,stars,watchers,forks,stars_delta,watchers_delta,forks_delta,url
shareAI-lab/learn-claude-code,64770,64770,10576,42,42,5,https://github.com/shareAI-lab/learn-claude-code
ChinaSiro/claude-code-sourcemap,9327,9327,14685,3,3,2,https://github.com/ChinaSiro/claude-code-sourcemap
pengchengneo/Claude-Code,1455,1455,2416,0,0,1,https://github.com/pengchengneo/Claude-Code
Alishahryar1/free-claude-code,32434,32434,4926,57,57,10,https://github.com/Alishahryar1/free-claude-code
hesreallyhim/awesome-claude-code,45716,45716,3977,22,22,2,https://github.com/hesreallyhim/awesome-claude-code
shanraisshan/claude-code-best-practice,56451,56451,5673,27,27,3,https://github.com/shanraisshan/claude-code-best-practice
musistudio/claude-code-router,34721,34721,2838,11,11,1,https://github.com/musistudio/claude-code-router
davila7/claude-code-templates,27776,27776,2867,2,2,0,https://github.com/davila7/claude-code-templates
LING71671/Open-ClaudeCode,876,876,1202,0,0,-1,https://github.com/LING71671/Open-ClaudeCode
Donchitos/Claude-Code-Game-Studios,20866,20866,3044,28,28,4,https://github.com/Donchitos/Claude-Code-Game-Studios
oboard/claude-code-rev,3190,3190,3818,1,1,0,https://github.com/oboard/claude-code-rev
VoltAgent/awesome-claude-code-subagents,21225,21225,2486,13,13,0,https://github.com/VoltAgent/awesome-claude-code-subagents
ponponon/claude_code_src,2267,2267,3514,0,0,0,https://github.com/ponponon/claude_code_src
anthropics/claude-code-action,7877,7877,1886,1,1,3,https://github.com/anthropics/claude-code-action
Piebald-AI/claude-code-system-prompts,10790,10790,1884,9,9,0,https://github.com/Piebald-AI/claude-code-system-prompts
liuup/claude-code-analysis,2960,2960,1766,10,10,3,https://github.com/liuup/claude-code-analysis
diet103/claude-code-infrastructure-showcase,9693,9693,1221,0,0,0,https://github.com/diet103/claude-code-infrastructure-showcase
frankbria/ralph-claude-code,9254,9254,704,0,0,0,https://github.com/frankbria/ralph-claude-code
pedrohcgs/claude-code-my-workflow,1213,1213,2480,1,1,1,https://github.com/pedrohcgs/claude-code-my-workflow
ykdojo/claude-code-tips,8616,8616,650,3,3,1,https://github.com/ykdojo/claude-code-tips
hangsman/claude-code-source,782,782,1755,0,0,1,https://github.com/hangsman/claude-code-source
chauncygu/collection-claude-code-source-code,2560,2560,2349,3,3,0,https://github.com/chauncygu/collection-claude-code-source-code
lintsinghua/claude-code-book,3555,3555,750,5,5,0,https://github.com/lintsinghua/claude-code-book
ChrisWiles/claude-code-showcase,5941,5941,563,0,0,0,https://github.com/ChrisWiles/claude-code-showcase
affaan-m/ECC,207592,207592,31858,259,259,27,https://github.com/affaan-m/ECC
huangserva/claude-code-cli,597,597,1304,0,0,0,https://github.com/huangserva/claude-code-cli
OneRedOak/claude-code-workflows,3818,3818,563,0,0,0,https://github.com/OneRedOak/claude-code-workflows
wanshuiyin/Auto-claude-code-research-in-sleep,11413,11413,1060,14,14,0,https://github.com/wanshuiyin/Auto-claude-code-research-in-sleep
1rgs/claude-code-proxy,3622,3622,475,-1,-1,0,https://github.com/1rgs/claude-code-proxy
FlorianBruniaux/claude-code-ultimate-guide,4700,4700,633,-1,-1,1,https://github.com/FlorianBruniaux/claude-code-ultimate-guide
lorryjovens-hub/claude-code-rust,1626,1626,633,0,0,0,https://github.com/lorryjovens-hub/claude-code-rust
nicedreamzapp/claude-code-local,2722,2722,519,1,1,0,https://github.com/nicedreamzapp/claude-code-local
zebbern/claude-code-guide,4233,4233,428,2,2,0,https://github.com/zebbern/claude-code-guide
disler/claude-code-hooks-mastery,3736,3736,618,0,0,0,https://github.com/disler/claude-code-hooks-mastery
777genius/claude-code-source-code,913,913,1106,0,0,0,https://github.com/777genius/claude-code-source-code
Maciek-roboblog/Claude-Code-Usage-Monitor,8143,8143,419,5,5,0,https://github.com/Maciek-roboblog/Claude-Code-Usage-Monitor
zstmfhy/Claude-code,190,190,284,0,0,0,https://github.com/zstmfhy/Claude-code
anthropics/claude-code-security-review,4943,4943,491,1,1,3,https://github.com/anthropics/claude-code-security-review
alejandrobalderas/claude-code-from-source,2193,2193,645,2,2,0,https://github.com/alejandrobalderas/claude-code-from-source
Windy3f3f3f3f/how-claude-code-works,2561,2561,597,1,1,0,https://github.com/Windy3f3f3f3f/how-claude-code-works
Yuyz0112/claude-code-reverse,2377,2377,408,2,2,0,https://github.com/Yuyz0112/claude-code-reverse
RichardAtCT/claude-code-telegram,2664,2664,390,0,0,0,https://github.com/RichardAtCT/claude-code-telegram
kodu-ai/claude-coder,5264,5264,198,-1,-1,0,https://github.com/kodu-ai/claude-coder
fuergaosi233/claude-code-proxy,2644,2644,390,1,1,1,https://github.com/fuergaosi233/claude-code-proxy
rohitg00/awesome-claude-code-toolkit,1957,1957,625,6,6,1,https://github.com/rohitg00/awesome-claude-code-toolkit
multica-ai/andrej-karpathy-skills,168100,168100,17177,248,248,25,https://github.com/multica-ai/andrej-karpathy-skills
ding113/claude-code-hub,2988,2988,333,3,3,0,https://github.com/ding113/claude-code-hub
fazxes/Claude-code,219,219,213,0,0,0,https://github.com/fazxes/Claude-code
Cranot/claude-code-guide,2792,2792,316,0,0,0,https://github.com/Cranot/claude-code-guide
anthropics/skills,146717,146717,17307,114,114,18,https://github.com/anthropics/skills
SeemSeam/claude_codex_bridge,2891,2891,284,3,3,0,https://github.com/SeemSeam/claude_codex_bridge
luyao618/Claude-Code-Source-Study,1487,1487,528,1,1,0,https://github.com/luyao618/Claude-Code-Source-Study
AprilNEA/claude-code-source,383,383,613,0,0,0,https://github.com/AprilNEA/claude-code-source
anthropics/claude-code-base-action,863,863,607,0,0,1,https://github.com/anthropics/claude-code-base-action
repowise-dev/claude-code-prompts,1079,1079,374,2,2,0,https://github.com/repowise-dev/claude-code-prompts
https-deeplearning-ai/sc-claude-code-files,522,522,765,0,0,0,https://github.com/https-deeplearning-ai/sc-claude-code-files
Chachamaru127/claude-code-harness,2622,2622,252,3,3,0,https://github.com/Chachamaru127/claude-code-harness
JrCx7scC/claude-code-source,370,370,547,0,0,0,https://github.com/JrCx7scC/claude-code-source
guanshan/ClaudeCode,60,60,213,0,0,0,https://github.com/guanshan/ClaudeCode
edmund-io/edmunds-claude-code,1451,1451,282,0,0,0,https://github.com/edmund-io/edmunds-claude-code
Yeachan-Heo/oh-my-claudecode,35806,35806,3265,19,19,2,https://github.com/Yeachan-Heo/oh-my-claudecode
Pimzino/claude-code-spec-workflow,3759,3759,266,1,1,0,https://github.com/Pimzino/claude-code-spec-workflow
carlvellotti/claude-code-pm-course,2063,2063,334,0,0,0,https://github.com/carlvellotti/claude-code-pm-course
Windy3f3f3f3f/claude-code-from-scratch,1351,1351,386,4,4,2,https://github.com/Windy3f3f3f3f/claude-code-from-scratch
AICoderTudou/claude-code-tudou,500,500,396,0,0,0,https://github.com/AICoderTudou/claude-code-tudou
andrew-kramer-inno/claude-code-source-build,592,592,526,0,0,0,https://github.com/andrew-kramer-inno/claude-code-source-build
feiskyer/claude-code-settings,1540,1540,222,0,0,0,https://github.com/feiskyer/claude-code-settings
ghuntley/claude-code-source-code-deobfuscation,980,980,550,0,0,0,https://github.com/ghuntley/claude-code-source-code-deobfuscation
luongnv89/claude-howto,34977,34977,4256,12,12,4,https://github.com/luongnv89/claude-howto
disler/pi-vs-claude-code,1338,1338,329,2,2,1,https://github.com/disler/pi-vs-claude-code
sugyan/claude-code-webui,1127,1127,245,0,0,0,https://github.com/sugyan/claude-code-webui
huangjia2019/claude-code-engineering,776,776,287,1,1,1,https://github.com/huangjia2019/claude-code-engineering
darcyegb/ClaudeCodeAgents,715,715,65,1,1,0,https://github.com/darcyegb/ClaudeCodeAgents
alirezarezvani/claude-skills,17192,17192,2368,18,18,2,https://github.com/alirezarezvani/claude-skills
router-for-me/CLIProxyAPI,36098,36098,5994,20,20,3,https://github.com/router-for-me/CLIProxyAPI
KPR111/Claude-Code,18,18,328,0,0,0,https://github.com/KPR111/Claude-Code
centminmod/my-claude-code-setup,2390,2390,228,0,0,0,https://github.com/centminmod/my-claude-code-setup
sickn33/antigravity-awesome-skills,39757,39757,6440,19,19,1,https://github.com/sickn33/antigravity-awesome-skills
jeremylongshore/claude-code-plugins-plus-skills,2305,2305,328,4,4,1,https://github.com/jeremylongshore/claude-code-plugins-plus-skills
Hyper66666/claude-code-sourcemap,215,215,456,0,0,0,https://github.com/Hyper66666/claude-code-sourcemap
catlog22/Claude-Code-Workflow,2079,2079,165,1,1,0,https://github.com/catlog22/Claude-Code-Workflow
nanocoai/nanoclaw,29701,29701,12918,29701,29701,12918,https://github.com/nanocoai/nanoclaw
lst97/claude-code-sub-agents,1581,1581,254,1,1,0,https://github.com/lst97/claude-code-sub-agents
